Referencia,ID,Criterio_medida,Descripcion,Tipo,Etapa_ciclo_vida,E1_bioclimatica,E2_energia,E3_agua,E4_materiales,Enfoque_genero,Inclusion_social,Aplica_vivienda_rural,Clima,Subsistema,Caracter_legal,Nivel_cumplimiento,Parametro_indicador,Correspondencia_cruzada
Res.0194,MP-01,Relación Ventana / Pared (RVP),Proporción entre superficie vidriada y pared externa; equilibrar luz natural vs. transferencia calor,medida_pasiva,operación,Principal,,,,,,si,todos,Envolvente,obligatorio,recomendada,RVP (%),Res.0534:S-CL-1
Res.0194,MP-02,Protección solar horizontal,Aleros/voladizos sobre ventanas; bloquean radiación con ángulo alto,medida_pasiva,operación,Principal,,,,,,si,templado calido_seco calido_humedo,Envolvente Cubierta,obligatorio,recomendada,ASV (°),CEELA:C02
Res.0194,MP-03,Protección solar vertical,Aletas laterales a ventanas; bloquean radiación con ángulo bajo,medida_pasiva,operación,Principal,,,,,,si,templado calido_seco,Envolvente,obligatorio,recomendada,ASH (°),CEELA:C02
Res.0194,MP-04,Protección solar combinada,Combinación de elementos horizontales + verticales,medida_pasiva,operación,Principal,,,,,,si,templado calido_seco calido_humedo,Envolvente,obligatorio,recomendada,ASV+ASH,CEELA:C02
Res.0194,MP-05,Valor U del vidrio,Resistencia del vidrio al flujo de calor; menor U = mejor aislante,medida_pasiva,operación,Principal,,,Complementario,,,condicional,frio,Envolvente,obligatorio,recomendada,Valor U (W/m²K),CEELA:C04; Res.0534:S-CT-1
Res.0194,MP-06,SHGC del vidrio,Coeficiente 0-1 de paso de radiación infrarroja; menor SHGC = menos ganancia solar,medida_pasiva,operación,Principal,,,,,,condicional,templado calido_seco calido_humedo,Envolvente,obligatorio,recomendada,SHGC (0-1),CEELA:C02
Res.0194,MP-07,Vidrio U + SHGC combinado,En cálido: SHGC bajo + U bajo; en frío: SHGC alto captura calor,medida_pasiva,operación,Principal,,,Complementario,,,condicional,todos,Envolvente,obligatorio,recomendada,Valor U + SHGC,CEELA:C02; C04
Res.0194,MP-08,Valor U cubierta,Aislamiento térmico del techo; material + aislante + cámara de aire,medida_pasiva,operación,Principal,,,Complementario,,,si,todos,Cubierta,obligatorio,recomendada,Valor U cubierta (W/m²K),CEELA:C04; Res.0534:S-CT-1
Res.0194,MP-09,Valor U paredes externas,Aislamiento térmico de fachadas; concreto; mampostería; livianos,medida_pasiva,operación,Principal,,,Complementario,,,si,todos,Estructura Envolvente,obligatorio,recomendada,Valor U pared (W/m²K),CEELA:C04; Res.0534:S-CT-1
Res.0194,MP-10,Reflectividad paredes externas (SR),Capacidad de reflejar radiación solar (0-1); pinturas reflectantes,medida_pasiva,operación,Principal,,,,,,si,calido_seco calido_humedo,Envolvente,obligatorio,recomendada,SR (0-1),
Res.0194,MP-11,Reflectividad cubierta (SRI),Índice de reflectancia solar (0-100); pintura blanca SRI 79,medida_pasiva,operación,Principal,,,,,,si,calido_seco calido_humedo,Cubierta,obligatorio,recomendada,SRI (0-100),
Res.0194,MP-12,Cubierta verde,Sustrato + vegetación sobre losa; mitiga isla de calor,medida_pasiva,operación,Principal,,Complementario,,,,condicional,todos,Cubierta,obligatorio,recomendada,Valor U resultante (W/m²K),
Res.0194,MP-13,Inercia térmica,Materiales que almacenan calor y lo liberan progresivamente,medida_pasiva,operación,Principal,,,Complementario,,,si,frio calido_seco,Estructura,obligatorio,recomendada,Capacidad térmica (kJ/m²K),CEELA:C04; Res.0534:S-CT-1
Res.0194,MP-14,Ventilación natural,Entrada y salida de aire sin sistemas mecánicos,medida_pasiva,operación,Principal,,,,,,si,templado calido_seco calido_humedo,Envolvente,obligatorio,recomendada,ACH (cambios/hora),CEELA:C06; Res.0534:S-A-1
Res.0194,MP-15,Night flush (descarga nocturna),Eliminar calor diurno con aire fresco nocturno,medida_pasiva,operación,Principal,,,,,,si,calido_seco,Envolvente Cubierta,obligatorio,recomendada,ΔT diurna/nocturna,CEELA:C08
Res.0194,MA-01,Iluminación natural + control luz día,Aprovechar luz natural con sensores fotoeléctricos y dimerizadores,medida_activa,operación,Complementario,Principal,,,,,si,todos,Envolvente Instalaciones,obligatorio,recomendada,FLD (%),Res.0534:S-CL-1; S-CL-2
Res.0194,MA-02,Densidad potencia de luz (LED >90 lm/W),Luminarias LED eficientes; cumplir RETILAP Res. 40150/2024,medida_activa,operación,,Principal,,,,,si,todos,Instalaciones,obligatorio,recomendada,LPD (W/m²); lm/W,CEELA:C10; PROURE Res.41286/2016 meta residencial
Res.0194,MA-03,Controles de iluminación,Sensores de ocupación; fotométricos; dimerizadores,medida_activa,operación,,Principal,,,,,condicional,todos,Instalaciones,obligatorio,recomendada,,CEELA:C10
Res.0194,MA-04,COP de aire acondicionado,Coeficiente de desempeño; priorizar refrigerantes bajo GWP,medida_activa,operación,,Principal,,,,,condicional,calido_humedo,Instalaciones,obligatorio,recomendada,COP (adimensional),CEELA:C13
Res.0194,MA-05,Sensores CO parqueaderos,Regulan extracción mecánica según CO,medida_activa,operación,,Principal,,,,,no,no aplica,na,obligatorio,recomendada,ppm CO,
Res.0194,MA-06,Sensores CO₂ aire fresco,Controlan ingreso aire exterior según CO₂,medida_activa,operación,,Principal,,,,,no,no aplica,na,obligatorio,recomendada,ppm CO₂,Res.0534:S-A-1
Res.0194,MA-07,Variadores velocidad bombas,Control electrónico según demanda,medida_activa,operación,,Principal,,,,,no,no aplica,na,obligatorio,recomendada,% ahorro,
Res.0194,MA-08,Recuperación calor aire extracción (HRW),Rueda recuperadora que precalienta/pre-enfría; eficiencia ≥60%,medida_activa,operación,,Principal,,,,,no,no aplica,na,obligatorio,recomendada,Eficiencia (%),
Res.0194,MA-09,Variadores velocidad torres enfriamiento,VSD en ventiladores torres; cargas parciales,medida_activa,operación,,Principal,,,,,no,no aplica,na,obligatorio,recomendada,% ahorro,
Res.0194,MA-10,Agua caliente solar,Colectores solares para agua caliente,medida_activa,operación,,Principal,,,,,si,si,na,S5,obligatorio,recomendada,Fracción solar (%)
Res.0194,MA-11,Enfriamiento evaporativo,Enfría aire mediante evaporación de agua,medida_activa,operación,,Principal,,,,,si,si,na,S5,obligatorio,recomendada,ΔT enfriamiento (°C)
Res.0194,MA-12,Calentamiento radiante,Red tuberías agua caliente en piso/paredes/techo,medida_activa,operación,,Principal,,,,,condicional,condicional,na,S5,obligatorio,recomendada,T° superficie (°C)
Res.0194,MA-13,DOAS,Sistema aire exterior dedicado,medida_activa,operación,,Principal,,,,,no,no aplica,na,obligatorio,recomendada,Eficiencia DOAS,
Res.0194,MW-01,Accesorios ahorro agua,Grifería conservadora: bajo flujo; doble descarga,medida_hidrica,operación,,,Principal,,,,si,todos,Instalaciones,obligatorio,recomendada,Caudal (l/min),CEELA:C12
Res.0194,MW-02,Lavamanos eficientes,Cierre automático + aireadores; público <2 l/min; privado <6.8 l/min,medida_hidrica,operación,,,Principal,,,,si,todos,Instalaciones,obligatorio,recomendada,Caudal (l/min),CEELA:C12
Res.0194,MW-03,Duchas bajo flujo,Caudal <8 l/min eficiente,medida_hidrica,operación,,,Principal,,,,si,todos,Instalaciones,obligatorio,recomendada,Caudal (l/min),CEELA:C12
Res.0194,MW-04,Orinales eficientes,Consumo <1.5 l/descarga,medida_hidrica,operación,,,Principal,,,,no,na,na,recomendada,l/descarga,CEELA:C12,
Res.0194,MW-05,Inodoros eficientes,Simple <4.8 l/descarga; doble <4.5 l/descarga,medida_hidrica,operación,,,Principal,,,,si,todos,Instalaciones,obligatorio,recomendada,l/descarga,CEELA:C12
Res.0194,MW-06,Tratamiento aguas grises,PTAR para aguas residuales excepto sanitarios y cocina,medida_hidrica,operación,,,Principal,,,,condicional,todos,Instalaciones,obligatorio,recomendada,% reciclada,CEELA:C12; Decreto 3930/2010 (vertimientos; control aguas residuales)
Res.0194,MW-07,Tratamiento aguas negras,PTAR para todas las aguas residuales,medida_hidrica,operación,,,Principal,,,,condicional,todos,Instalaciones,obligatorio,recomendada,% reciclada,CEELA:C12; Decreto 3930/2010 (vertimientos)
Res.0194,MW-08,Captación aguas lluvias,Captación por cubiertas → filtrado → PTALL → redistribución,medida_hidrica,operación,,,Principal,,ENUT 2024-25: 70% mujeres participan en limpieza/mantenimiento (incluye acarreo agua en rural); 8h53min/día trabajo no remunerado en rural disperso; captación pluvial elimina acarreo (Ley 2462 Fin 3),,si,todos,Instalaciones,obligatorio,a_discrecion,m³/año,CEELA:C12; Ley.2462:L-F03
Res.0194,MW-09,Paisajismo eficiente en agua,Vegetación nativa; bajo consumo riego; establecimiento <2 años,medida_hidrica,operación,,,Principal,,,,si,calido_seco,Exterior,obligatorio,recomendada,% reducción riego,CEELA:C09
Res.0194,MW-10,Recuperación condensado AA,Recolectar agua condensación del AA para reúso,medida_hidrica,operación,,,Principal,,,,no,na,na,recomendada,l/día,,
Res.0534,A-E-1,Energía embebida en materiales,ACV de energía total consumida por un material en su ciclo de vida,criterio_ambiental,extracción/manufactura,,,,Principal,,,si,todos,Estructura Envolvente,obligatorio,minimo,MJ/unidad funcional,CEELA:C03
Res.0534,A-E-2,Consumo proyectado energía operación,Cumplir % ahorro Res. 0194; diseño bioclimático; simulación,criterio_ambiental,diseño,Principal,Principal,,,,,si,todos,todos,obligatorio,minimo,% ahorro vs línea base,Res.0194:MP-01 a MP-15
Res.0534,A-E-3,Ahorro energía en construcción,Control global consumo eléctrico mes a mes en obra,criterio_ambiental,construcción,,Principal,,,,,si,todos,na,obligatorio,minimo,kWh/mes,
Res.0534,A-E-4,Medición y control consumo energía,Medidores por cada fuente de abastecimiento,criterio_ambiental,operación,,Principal,,,,,condicional,todos,Instalaciones,obligatorio,minimo,,CEELA:C15
Res.0534,A-E-5,Desempeño energético en el tiempo,Verificación calidad sistemas que consumen energía,criterio_ambiental,operación,,Principal,,,,,condicional,todos,Instalaciones,obligatorio,minimo,,CEELA:C15
Res.0534,A-E-6,Ahorro energía en deconstrucción,Control global consumo eléctrico en deconstrucción,criterio_ambiental,deconstrucción,,Principal,,,,,condicional,todos,na,obligatorio,minimo,kWh/mes,
Res.0534,A-A-1,Huella hídrica de materiales,ACV de huella hídrica; materiales estructurales y envolvente,criterio_ambiental,extracción/manufactura,,,Complementario,Principal,,,si,todos,Estructura Envolvente,obligatorio,minimo,m³/unidad funcional,
Res.0534,A-A-2,Eutrofización,ACV potencial de eutrofización de materiales,criterio_ambiental,extracción/manufactura,,,Complementario,Principal,,,si,todos,Estructura Envolvente,obligatorio,minimo,kg PO₄eq,
Res.0534,A-A-3,Consumo agua proyectado operación,Cumplir % ahorro agua Res. 0194; balance hídrico,criterio_ambiental,diseño,,,Principal,,,,si,todos,Instalaciones,obligatorio,minimo,% ahorro vs línea base,Res.0194:MW-01 a MW-10; CEELA:C12
Res.0534,A-A-4,Ahorro agua en construcción,Control global consumo agua mes a mes en obra,criterio_ambiental,construcción,,,Principal,,,,si,todos,na,obligatorio,minimo,m³/mes,
Res.0534,A-A-5,Plan erosión; sedimentación; vertidos,Elaborar y ejecutar plan de control,criterio_ambiental,construcción,,,Principal,,,,si,todos,na,obligatorio,minimo,,; Decreto 3930/2010 (control vertimientos en obra)
Res.0534,A-A-6,Medición y control consumo agua,Medidores por cada fuente de abastecimiento,criterio_ambiental,operación,,,Principal,,,,si,todos,Instalaciones,obligatorio,minimo,,CEELA:C15
Res.0534,A-A-7,Desempeño consumo agua en el tiempo,Verificación calidad sistemas que consumen agua,criterio_ambiental,operación,,,Principal,,,,si,todos,Instalaciones,obligatorio,minimo,,CEELA:C15
Res.0534,A-EM-1,Emisiones GEI por fabricación materiales,ACV de GEI; materiales estructurales y envolvente,criterio_ambiental,extracción/manufactura,,,,Principal,,,si,todos,Estructura Envolvente,obligatorio,minimo,kg CO₂eq,CEELA:C03; Res.0831/2020 (MRV acciones mitigacion)
Res.0534,A-EM-2,Protección capa de ozono por fabricación,ACV potencial agotamiento capa ozono,criterio_ambiental,extracción/manufactura,,,,Principal,,,si,todos,Estructura Envolvente,obligatorio,minimo,kg CFC-11eq,
Res.0534,A-EM-3,Compuestos ácidos emitidos al aire,ACV potencial acidificación,criterio_ambiental,extracción/manufactura,,,,Principal,,,si,todos,Estructura Envolvente,obligatorio,minimo,kg SO₂eq,
Res.0534,A-EM-4,Contaminación atmosférica por fabricación,ACV formación ozono troposférico,criterio_ambiental,extracción/manufactura,,,,Principal,,,si,todos,Estructura Envolvente,obligatorio,minimo,POCP,
Res.0534,A-EM-5,Emisiones GEI ciclo de vida del proyecto,ACV huella de carbono del edificio (estructura + envolvente). NDC 2020: Colombia compromete reduccion 176 Mt CO2eq a 2030; sector vivienda incluido; edificaciones nuevas deben ser bajas en carbono,criterio_ambiental,diseño,,Complementario,,Principal,,,si,todos,Estructura Envolvente,obligatorio,minimo,kg CO₂eq edificio; NDC: 176 Mt CO2eq reduccion a 2030,CEELA:C03
Res.0534,A-EM-6,Emisiones GEI combustibles fósiles en obra,Fichas mantenimiento preventivo maquinaria,criterio_ambiental,construcción,,Principal,,,,,si,si,todos,na,obligatorio,minimo,
Res.0534,A-EM-7,Plan control contaminación atmosférica,Elaborar y ejecutar plan durante obra,criterio_ambiental,construcción,,,,Complementario,,,si,todos,na,obligatorio,minimo,,
Res.0534,A-EM-8,Uso FNCE para reducir GEI,Reemplazar mínimo 1% energía total con fuentes no convencionales. E2050: 100% edificaciones nuevas Net Zero a partir de 2030; existentes Net Zero a 2050 (WorldGBC). 75% RCD aprovechables en peso total materiales,criterio_ambiental,operación,,Principal,,,,,si,si,todos,S5,obligatorio,minimo; E2050: 100% nuevas Net Zero 2030; 75% RCD aprovechable,% energía FNCE; E2050 Estrategia Climatica LP
Res.0534,A-M-1,Diseño con materiales con atributos sostenibilidad,ACV para materiales envolvente y estructurales; especificar atributos,criterio_ambiental,diseño,,,,Principal,,,si,todos,Estructura Envolvente,obligatorio,minimo,,CEELA:C03; C05; CONPES 3934 (Crecimiento Verde 2030)
Res.0534,A-M-2,Política de compras sostenibles,Política para adecuaciones y remodelaciones futuras,criterio_ambiental,operación,,,,Principal,,,si,todos,na,obligatorio,minimo,,; CONPES 3934; Estrategia Economia Circular MADS
Res.0534,A-S-1,Evaluación del sitio,Evaluación que retroalimente decisiones de diseño; remediación si contaminación,criterio_ambiental,diseño,Complementario,,Complementario,Complementario,,,si,todos,na,obligatorio,minimo,,CEELA:C09
Res.0534,A-R-1,Circularidad,REP en empaques y envases; reincorporación a ciclo biológico o tecnológico,criterio_ambiental,extracción/manufactura,,,,Principal,,,si,todos,Estructura Envolvente,obligatorio,minimo,% reincorporación,; CONPES 3934 meta reciclaje materiales
Res.0534,A-R-2,Diseño modular para disminuir RCD,Modulación espacios según tamaños típicos de materiales,criterio_ambiental,diseño,,,,Principal,,,si,todos,Estructura Envolvente,obligatorio,minimo,,
Res.0534,A-R-3,Diseño espacios manejo integral residuos,Espacio para separación: reciclables; compostables; peligrosos; ordinarios,criterio_ambiental,diseño,,,,Complementario,,,si,todos,Envolvente,obligatorio,minimo,,
Res.0534,A-R-4,Plan gestión RCD construcción,Plan previo inicio obra según regulación. E2050: meta 75% de RCD aprovechables en peso total de materiales usados en nuevas edificaciones,criterio_ambiental,construcción,,,,Complementario,,,si,todos,na,obligatorio,minimo,% desvío de relleno; E2050: 75% RCD aprovechable,
Res.0534,A-R-5,Política gestión residuos operación,5 flujos: RAEE; RCD remodelaciones; peligrosos,criterio_ambiental,operación,,,,Complementario,,,si,todos,na,obligatorio,minimo,,
Res.0534,A-R-6,Plan gestión RCD deconstrucción,Plan previo según regulación,criterio_ambiental,deconstrucción,,,,Complementario,,,si,todos,na,obligatorio,minimo,% desvío de relleno,
Res.0534,A-FL-1,Madera responsable,Salvoconducto SUNL; LOF; informe anual proveedor; FSC/PEFC deseable,criterio_ambiental,extracción/manufactura,,,,Principal,,,si,todos,Estructura Cubierta,obligatorio,minimo,,
Res.0534,A-FL-2,Prevención deforestación cadena productiva,Soportes legalidad de productos; informes sostenibilidad,criterio_ambiental,extracción/manufactura,,,,Principal,,,si,todos,Estructura Cubierta,obligatorio,minimo,,
Res.0534,A-FL-3,Plan gestión flora y fauna en obra,Elaborar y ejecutar plan durante actividades constructivas,criterio_ambiental,construcción,,,,Complementario,,,si,todos,na,obligatorio,minimo,,
Res.0534,A-SE-1,Sistemas drenaje sostenible (SUDS),Cumplir RAS referente a SUDS,criterio_ambiental,diseño,,,Principal,,,,si,todos,Exterior,obligatorio,minimo,,
Res.0534,A-SE-2,Plan mantenimiento del sitio,Contar con plan de mantenimiento adecuado,criterio_ambiental,operación,Complementario,,Complementario,,,,si,todos,Exterior,obligatorio,minimo,,
Res.0534,S-CT-1,Confort térmico por diseño bioclimático,Análisis bioclimático; especificar aislamiento; ganancia solar; reflectancia; emitancia,criterio_social,diseño,Principal,,,,,,si,todos,Estructura Envolvente,obligatorio,minimo,ASHRAE 55-2023 (deseable),Res.0194:MP-05 a MP-15; CEELA:C02; C04; C06; C08
Res.0534,S-CT-2,Resguardo y sombra trabajadores en obra,Áreas de resguardo con semicubiertas,criterio_social,construcción,Complementario,,,,,,si,todos,na,obligatorio,minimo,,
Res.0534,S-CT-3,Confort y controlabilidad térmica,Encuestas confort térmico a usuarios + medidas de mejora,criterio_social,operación,Principal,Complementario,,,,,si,todos,Instalaciones,obligatorio,minimo,,CEELA:C11
Res.0534,S-CL-1,Control contaminación lumínica,Iluminación exterior con protecciones; evitar luz al cielo,criterio_social,diseño,Principal,Complementario,,,,,si,todos,Instalaciones,obligatorio,minimo,,
Res.0534,S-CL-2,Confort y controlabilidad lumínica,Controles individuales de iluminación,criterio_social,operación,Principal,Complementario,,,,,si,todos,Instalaciones,obligatorio,minimo,,CEELA:C10
Res.0534,S-A-1,Calidad del aire interior,Cumplir tasas renovación ASHRAE 62.1/62.2-2022,criterio_social,diseño,Principal,,,,,,si,todos,Envolvente,obligatorio,minimo,ACH según ASHRAE,Res.0194:MP-14; CEELA:C06
Res.0534,S-A-2,Plan control calidad aire en obra,Plan de control durante actividades constructivas,criterio_social,construcción,Complementario,,,,,,si,todos,na,obligatorio,minimo,,
Res.0534,S-A-3,Calidad del aire en el tiempo,Verificación calidad sistemas relacionados,criterio_social,operación,Principal,,,,,,si,todos,Instalaciones,obligatorio,minimo,,CEELA:C15
Res.0534,S-CA-1,Confort acústico,Ruido fondo máximo 40 dBA; tratamiento acústico si >60 dBA,criterio_social,diseño,Principal,,,,,,si,todos,Envolvente,obligatorio,minimo,dBA,
Res.0534,S-CA-2,Plan control ruido en obra,Plan de control durante actividades constructivas,criterio_social,construcción,Complementario,,,,,,si,todos,na,obligatorio,minimo,,
Res.0534,S-H-1,Materiales no perjudiciales (HPD; VOC),Inventario ingredientes HPD; VOC pinturas; adhesivos; pisos; aislamientos,criterio_social,diseño,,,,Principal,,,si,todos,Acabados y complementos,obligatorio,minimo,VOC (g/L); HPD,CEELA:C05
Res.0534,S-H-2,Higiene y seguridad trabajadores en obra,Programa educación + señalización adecuada,criterio_social,construcción,Transversal,Transversal,Transversal,Transversal,,,si,todos,na,obligatorio,minimo,,
Res.0534,S-H-3,Plan manejo Legionella,Elaboración e implementación del plan,criterio_social,operación,,,Complementario,,,,condicional,todos,Instalaciones,obligatorio,minimo,,
Res.0534,S-AC-1,Accesibilidad universal,Normativa nacional: accesibilidad; señalización; viviendas sin barreras,criterio_social,diseño,Transversal,Transversal,Transversal,Transversal,,Ley 361/1997; Ley 1618/2013; NTC 6047,si,todos,Envolvente,obligatorio,minimo,,Ley.2462:L-E07
Res.0534,S-AC-2,Mantenimiento circulaciones y accesos,Mantener accesos; pasillos y puntos fijos libres de obstáculos,criterio_social,operación,Transversal,Transversal,Transversal,Transversal,,Personas con movilidad reducida,si,todos,Envolvente,obligatorio,minimo,,Ley.2462:L-E07
Res.0534,S-AS-1,Distancia a servicios de uso diario,Acceso a ≥4 usos diversos a ≤800m peatonal,criterio_social,diseño,Transversal,Transversal,Transversal,Transversal,,,condicional,todos,Exterior,obligatorio,minimo,distancia (m),
Res.0534,E-CI-1,Incidencia criterios sostenibilidad en costos inversión,Análisis costo-beneficio de medidas implementadas,criterio_economico,diseño,Transversal,Transversal,Transversal,Transversal,,,si,todos,na,obligatorio,minimo,,
Res.0534,E-CC-1,Sostenibilidad en estrategia comercial,Desarrollar estrategia comercial desde la sostenibilidad,criterio_economico,diseño,Transversal,Transversal,Transversal,Transversal,,,condicional,todos,na,obligatorio,minimo,,
CEELA,C01,Diseño integrado,Involucrar todos los actores desde fases iniciales para optimizar sostenibilidad,principio,todas,Transversal,Transversal,Transversal,Transversal,,Participación comunitaria en diseño,si,todos,na,voluntario,na,,Ley.2462:L-E01
CEELA,C02,Control radiación solar directa,Protecciones solares; aleros; vidrios adecuados; vegetación,principio,diseño,Principal,,,,,,si,templado calido_seco calido_humedo,Envolvente Cubierta,voluntario,na,,Res.0194:MP-02 a MP-07; Res.0534:S-CT-1
CEELA,C03,Energía incorporada,Energía en extracción; fabricación y transporte de materiales,principio,extracción/manufactura,,,,Principal,,,si,todos,Estructura Envolvente,voluntario,na,MJ/kg; kg CO₂eq/kg,Res.0534:A-E-1; A-EM-1
CEELA,C04,Aislamiento térmico,Aislamiento en muros; techos y pisos para estabilizar temperatura,principio,diseño,Principal,,,Complementario,,,si,todos,Estructura Envolvente Cubierta,voluntario,na,Valor U (W/m²K),Res.0194:MP-05; MP-08; MP-09; MP-13; Res.0534:S-CT-1
CEELA,C05,Reducción materiales tóxicos,Materiales saludables sin compuestos dañinos,principio,diseño,,,,Principal,,,si,todos,Acabados y complementos,voluntario,na,VOC; HPD,Res.0534:S-H-1
CEELA,C06,Movimiento del aire,Ventilación cruzada y flujo de aire natural,principio,diseño,Principal,,,,,,si,templado calido_seco calido_humedo,Envolvente,voluntario,na,ACH,Res.0194:MP-14; Res.0534:S-A-1
CEELA,C07,Reducción combustibles fósiles,Minimizar gas/petróleo para operación del edificio,principio,operación,,Principal,,,,,si,todos,Instalaciones,voluntario,na,,Res.0534:A-EM-6; A-EM-8
CEELA,C08,Enfriamiento nocturno,Aire fresco nocturno para enfriar masa térmica,principio,operación,Principal,,,,,,si,calido_seco,Envolvente Cubierta,voluntario,na,ΔT noche,Res.0194:MP-15
CEELA,C09,Diseño bioclimático espacios exteriores,Patios; jardines para mejorar microclima; sombra; ventilación,principio,diseño,Principal,,Complementario,,,,si,todos,Exterior,voluntario,na,,Res.0194:MW-09; Res.0534:A-S-1
CEELA,C10,Equipos e iluminación alta eficiencia,LED; electrodomésticos bajo consumo,principio,operación,,Principal,,,,,si,todos,Instalaciones,voluntario,na,lm/W; W,Res.0194:MA-02; MA-03
CEELA,C11,Comportamiento del usuario,Diseñar considerando uso real; fomentar prácticas eficientes,principio,operación,Transversal,Transversal,Transversal,,,Conecta con economía del cuidado (Ley 2462),si,si,todos,na,voluntario,na,
CEELA,C12,Gestión consciente del agua,Grifos bajo caudal; inodoros eficientes; captación lluvia,principio,operación,,,Principal,,Reduce acarreo agua mujeres/niñas,,si,todos,Instalaciones,voluntario,na,l/min; l/descarga; m³/año,Res.0194:MW-01 a MW-08
CEELA,C13,Climatización eficiente,HVAC de alta eficiencia energética cuando sea necesario,principio,operación,,Principal,,,,,condicional,calido_humedo frio,Instalaciones,voluntario,na,COP; EER,Res.0194:MA-04; MA-08; MA-13
CEELA,C14,Autogeneración electricidad renovable,Paneles solares FV u otras tecnologías renovables in situ,principio,operación,,Principal,,,,,si,todos,Instalaciones,voluntario,na,kWp; % energía,Res.0534:A-EM-8
CEELA,C15,Monitoreo,Sistemas de medición consumo energético; generación renovable; confort,principio,operación,,Complementario,Complementario,,,,si,todos,Instalaciones,voluntario,na,,Res.0534:A-E-4; A-A-6
Ley.2462,L-E01,Enfoque territorial,Políticas diferenciadas según territorio y región,enfoque,todas,Transversal,Transversal,Transversal,Transversal,,,si,todos,na,obligatorio,na,,
Ley.2462,L-E02,Enfoque equidad para la mujer,Diseño de espacios considerando uso diferencial por género,enfoque,todas,Transversal,Transversal,Transversal,Transversal,ENUT 2024-25: brecha rural 5h50min (mujeres 8h53min vs hombres 3h03min); diseño debe reconocer uso diferencial del espacio por género,,si,todos,Envolvente,obligatorio,na,,
Ley.2462,L-E03,Enfoque derechos humanos mujeres rurales,Vivienda digna como derecho fundamental,enfoque,todas,Transversal,Transversal,Transversal,Transversal,Vivienda digna es derecho,,si,todos,na,obligatorio,na,,
Ley.2462,L-E04,Enfoque interseccional y diferencial,Cruzar género × etnia × discapacidad × edad × conflicto,enfoque,todas,Transversal,Transversal,Transversal,Transversal,ENUT 2024-25: Amazonía mujeres 9h47min/día (brecha 6h47min); Orinoquía 9h07min; análisis interseccional región × género × etnia es crítico,Cruzar múltiples vulnerabilidades,si,todos,na,obligatorio,na,,
Ley.2462,L-E05,Enfoque campesinado,Vivienda como unidad productiva (no solo habitacional),enfoque,todas,Principal,,,Complementario,ENUT 2024-25: Amazonía 85.8% mujeres cocinan; 57.3% lavan ropa; vivienda rural es unidad productiva donde se realizan 8h53min/día de trabajo no remunerado,,si,todos,Envolvente,obligatorio,na,,
Ley.2462,L-E06,Enfoque curso de vida,Diseño multigeneracional (niñas; adultas; adultas mayores),enfoque,todas,Transversal,Transversal,Transversal,Transversal,Necesidades por edad,Adultas mayores en rural,si,todos,Envolvente,obligatorio,na,,
Ley.2462,L-E07,Enfoque discapacidad,Accesibilidad universal en vivienda rural,enfoque,todas,Transversal,Transversal,Transversal,Transversal,,NTC 6047; Ley 361/1997; Ley 1618/2013,si,todos,Envolvente,obligatorio,na,,Res.0534:S-AC-1; S-AC-2
Ley.2462,L-E08,Enfoque contra discriminación étnico-racial,Respetar saberes constructivos de pueblos indígenas; afro; raizales; ROM,enfoque,todas,,,,Principal,,Saberes constructivos ancestrales,si,todos,Estructura Envolvente Cubierta,obligatorio,na,,
Ley.2462,L-E09,Enfoque ambiental,Alineado con los 4 ejes de sostenibilidad del TdR,enfoque,todas,Transversal,Transversal,Transversal,Transversal,,,si,todos,na,obligatorio,na,,
Ley.2462,L-E10,Enfoque de cuidado,Diseño espacios para trabajo doméstico no remunerado (cocina; lavado; secado; cuidado personas),enfoque,todas,Principal,Complementario,Complementario,,ENUT 2024-25: suministro alimentos (78.7% mujeres; 2h03min) + mantenimiento vestuario (37.8%; 1h23min) + limpieza (70%; 1h23min) = actividades con mayor brecha género; espacios: cocina; zona lavado; patio secado,,si,todos,Envolvente,obligatorio,na,,CEELA:C11
Ley.2462,L-E11,Enfoque cierre brechas y protección vulnerable,Priorizar soluciones accesibles en costo y disponibilidad,enfoque,todas,Transversal,Transversal,Transversal,Transversal,,Población vulnerable priorizada,si,todos,na,obligatorio,na,,
Ley.2462,L-E12,Enfoque diferencial étnico,Vivienda adaptada a prácticas culturales de cada pueblo,enfoque,todas,,,,Principal,,Técnicas vernáculas como patrimonio cultural,si,todos,Estructura Envolvente Cubierta,obligatorio,na,,
Ley.2462,L-F01,Respeto saberes y conocimientos tradicionales,Sistemas constructivos vernáculos de mujeres deben documentarse y valorarse,fin,todas,,,,Principal,ENUT 2024-25: por primera vez incluye preguntas sobre transmisión de saberes ancestrales; saberes de mujeres en construcción y procesamiento deben documentarse,Conocimiento ancestral válido,si,todos,Estructura Envolvente Cubierta,obligatorio,na,,
Ley.2462,L-F02,Reconocer aportes mujer rural como agente transformadora,Visibilizar rol de la mujer en economía familiar y nacional,fin,todas,Transversal,Transversal,Transversal,Transversal,Visibilizar trabajo productivo femenino en vivienda,,si,todos,na,obligatorio,na,,
Ley.2462,L-F03,Reducir carga trabajo doméstico y cuidados no remunerados,Estufas eficientes (menos horas leña); captación pluvial (elimina acarreo); iluminación natural en zonas trabajo,fin,todas,,Principal,Principal,,ENUT 2024-25: 78.7% mujeres cocinan (2h03min/día promedio; más en rural con leña → PM2.5); 70% en limpieza (incluye acarreo agua); estufa eficiente + captación pluvial reducen carga directamente,,si,todos,Instalaciones,obligatorio,na,,Res.0194:MW-08; Res.0534:A-EM-8; CEELA:C12
Ley.2462,L-F04,Promover desarrollo rural inclusivo; sostenible; resiliente,Marco general alineado con ODS,fin,todas,Transversal,Transversal,Transversal,Transversal,,,si,todos,na,obligatorio,na,,
Ley.2462,L-F05,Garantizar acceso a recursos productivos y financieros,Acceso a crédito y subsidio para vivienda rural de mujeres,fin,todas,Transversal,Transversal,Transversal,Transversal,Acceso a SFVR para mujeres,,si,todos,na,obligatorio,na,,
Ley.2462,L-F06,Promover autonomía económica mujeres rurales,Vivienda que permita actividades productivas,fin,todas,Principal,,,Complementario,Espacios productivos en vivienda,,si,todos,Envolvente,obligatorio,na,,
Ley.2462,L-F07,Inclusión financiera y productiva mujeres rurales,Alianzas público-privadas para acceso a mercados,fin,todas,Transversal,Transversal,Transversal,Transversal,,,si,todos,na,obligatorio,na,,
Ley.2462,L-F08,Cuidado ecosistemas y transición energética,Paneles solares; materiales locales; biodigestores,fin,todas,,Principal,,Principal,Labor mujeres en cuidado ecosistemas,,si,todos,Instalaciones,obligatorio,na,,Res.0534:A-EM-8; CEELA:C14
Ley.2462,L-F09,Trabajo digno y decente mujeres rurales,Vivienda rural es lugar de trabajo productivo,fin,todas,Transversal,Transversal,Transversal,Transversal,Diseño ergonómico de espacios de trabajo,,si,todos,Envolvente,obligatorio,na,,
Ley.2462,L-F10,Acceso sistema salud y seguridad social,Bienestar de mujeres rurales,fin,todas,Transversal,Transversal,Transversal,Transversal,Salud ocupacional en espacio doméstico,,si,todos,na,obligatorio,na,,
Ley.2462,L-F11,Participación incidente mujeres en decisiones,Diálogo social en diseño y planificación de vivienda,fin,todas,Transversal,Transversal,Transversal,Transversal,Mujeres participan en decisiones de diseño,Participación comunitaria,si,todos,na,obligatorio,na,,CEELA:C01
Ley.2462,L-F12,Fortalecimiento organizaciones mujeres rurales,Asociatividad para acceso a programas de vivienda,fin,todas,Transversal,Transversal,Transversal,Transversal,,,si,todos,na,obligatorio,na,,
Ley.2462,L-F13,Acceso a tierra y formalización,Titulación preferencial para mujeres jefas de hogar,fin,todas,Transversal,Transversal,Transversal,Transversal,Acceso a tierra donde construir vivienda,,si,todos,na,obligatorio,na,,
Ley.2462,L-F14,Protección mujeres víctimas violencia de género,Vivienda segura para mujeres en riesgo,fin,todas,Principal,,,,ENUT 2024-25: cuidado físico personas 16.4% mujeres (1h32min/día); vivienda segura requiere iluminación nocturna; baños internos; visibilidad,,si,todos,Envolvente Instalaciones,obligatorio,na,,
Ley.2462,L-F15,Información estadística diferencial mujer rural,Datos DANE desagregados para diseño de políticas,fin,todas,Transversal,Transversal,Transversal,Transversal,,,si,todos,na,obligatorio,na,,
Ley.2462,L-F16,Educación rural con preservación prácticas culturales,Formación técnica que respete saberes ancestrales,fin,todas,,,,Principal,Preservación oficios constructivos de mujeres,Conocimiento ancestral en capacitación,si,todos,na,obligatorio,na,,
SUDS-MVCT,SUDS-1,Captacion agua lluvia escala vivienda,Aprovechar agua lluvia captada en cubiertas para usos no potables: riego; aseo; descarga sanitarios,criterio_ambiental,diseno,,,Principal,,Reduce acarreo agua mujeres/ninas en rural,,si,todos,Cubierta Instalaciones,obligatorio,minimo,m3/ano captado,Res.0194:MW-08; Res.0534:A-A-3; CEELA:C12
SUDS-MVCT,SUDS-2,Jardin de lluvia / jardin microcuenca,Depresion vegetada que recibe escorrentia; permite infiltracion y remocion contaminantes,criterio_ambiental,diseno,,,Principal,,,,si,calido_humedo templado,Exterior,obligatorio,minimo,m2 jardin / m2 impermeabilizado,Res.0534:A-SE-1
SUDS-MVCT,SUDS-3,Pozo de infiltracion,Estructura subterranea para infiltrar agua lluvia al suelo; reduce escorrentia,criterio_ambiental,diseno,,,Principal,,,,si,todos,Exterior,obligatorio,minimo,m3 infiltrado,Res.0534:A-SE-1
SUDS-MVCT,SUDS-4,Cisterna / aljibe de almacenamiento pluvial,Tanque sobre suelo o enterrado para almacenar agua lluvia; uso diferido,criterio_ambiental,diseno,,,Principal,,Reduce acarreo agua; disponible para mujer rural,,si,calido_seco todos,Instalaciones,obligatorio,minimo,m3 almacenamiento,Res.0194:MW-08; Ley.2462:L-F03
SUDS-MVCT,SUDS-5,Techos verdes como SUDS,Cubierta verde que retiene agua lluvia; reduce escorrentia y efecto isla de calor,criterio_ambiental,diseno,Principal,,Principal,,,,condicional,todos,Cubierta,obligatorio,deseable,% retencion; Valor U,Res.0194:MP-12; Res.0534:A-SE-1
SUDS-MVCT,SUDS-6,Pavimentos permeables,Superficies que permiten infiltracion directa al suelo,criterio_ambiental,diseno,,,Principal,,,,condicional,todos,Exterior,obligatorio,deseable,% permeabilidad,Res.0534:A-SE-1
EC-MADS,EC-1,Eco-diseno en productos y estructuras de construccion,Disenar usando menos materiales; modularidad; desensamblaje. CONPES 3934: 91.5M ton materiales construccion/ano; 7.4M ton escombros (7%); necesidad de eco-diseno para reducir consumo,criterio_ambiental,diseno,,,,Principal,,,si,todos,Estructura Envolvente,voluntario,na,% reduccion material,Res.0534:A-R-2; A-M-1
EC-MADS,EC-2,Aprovechamiento de RCD en obra nueva,Incorporar material reciclado de demoliciones en nueva construccion (agregados; concreto reciclado). CONPES 3934: tasa reciclaje materiales construccion CO es solo 2% (meta potencial 50%); 2.28 kg materiales/USD PIB (2.8x mayor que OCDE),criterio_ambiental,construccion,,,,Principal,,,si,todos,Cimentación Estructura,voluntario,na,% RCD aprovechado; Meta: aumentar tasa reciclaje construccion de 2% a 50%,Res.0534:A-R-1; A-R-4
EC-MADS,EC-3,Simbiosis industrial en materiales de construccion,Uso de subproductos de otros sectores como insumo constructivo (escoria; cenizas; plastico PET),criterio_ambiental,extraccion/manufactura,,,,Principal,,,si,todos,Estructura Envolvente,voluntario,na,% material alternativo,Res.0534:A-R-1
EC-MADS,EC-4,Certificaciones de construccion sostenible,LEED; BREEAM; EDGE; CASA Colombia; Sello Ambiental Colombiano como verificadores,criterio_ambiental,operacion,Transversal,Transversal,Transversal,Transversal,,,condicional,todos,todos,voluntario,na,Tipo certificacion,Res.0534:A-M-1
D1285,D1285-1,Porcentajes obligatorios de ahorro agua y energia,Lineamiento base que dio origen a Res. 0549/2015 y luego a Res. 0194/2025. PROURE 2017-2022: meta ahorro sector residencial 56.121 TJ (0.73% del total nacional),criterio_ambiental,operacion,,Principal,Principal,,,,si,todos,Instalaciones,obligatorio,minimo,% ahorro por clima y tipologia; PROURE: 56.121 TJ ahorro residencial,Res.0194:Tablas 10-11
D1467,D1467-1,VIS debe cumplir estandares de construccion sostenible,Ley 1955/2019 Art. 85: VIS cumple estandares de calidad en diseno y construccion sostenible. PND 2018-2022 Ley 1955/2019 Art. 85: VIS debe cumplir estandares de calidad en diseno urbanistico; arquitectonico y de construccion sostenible,criterio_ambiental,todas,Transversal,Transversal,Transversal,Transversal,,,si,todos,todos,obligatorio,na,,Res.0194; Res.0534; Ley 1955/2019 Art.85
D1727,D1727-1,Subsidio adicional por sostenibilidad (Ecobertura),Cobertura adicional 10 SMLV en tasa de interes para vivienda No VIS con criterios de sostenibilidad,criterio_economico,operacion,Transversal,Transversal,Transversal,Transversal,,,condicional,todos,na,voluntario,na,SMLV adicionales,Res.0534:E-CI-1
L1715,L1715-1,Incentivos tributarios para FNCE en vivienda,Exclusion IVA y deduccion renta por inversion en energia solar FV; solar termica; eolica; biomasa. Res. 196/2020 UPME: establece requisitos y procedimiento para acceder a beneficios tributarios de eficiencia energetica (IVA y renta). Requiere certificacion UPME,criterio_economico,operacion,,Principal,,,,,si,todos,Instalaciones,obligatorio,na,% deduccion renta; exclusion IVA,Res.0534:A-EM-8; CEELA:C14; Res.196/2020 UPME procedimiento
L373,L373-1,Programa uso eficiente y ahorro del agua,Obliga a entidades a implementar programas de ahorro de agua; incluye captacion pluvial y reuso,criterio_ambiental,operacion,,,Principal,,Reduce acarreo agua en rural,,si,todos,Instalaciones,obligatorio,na,,Res.0194:MW-01 a MW-10; CEELA:C12
L1931,L1931-1,Medidas de mitigacion y adaptacion en vivienda,Directrices para gestion cambio climatico en sector vivienda; PIGCCS y PIGCCT. NDC 2020: reduccion 176 Mt CO2eq a 2030 todos los sectores incluyendo vivienda,criterio_ambiental,todas,Transversal,Transversal,Transversal,Transversal,,,si,todos,na,obligatorio,na,Meta reduccion GEI,Res.0534:A-EM-5; A-EM-8; NDC 2020
R0472,R0472-1,Gestion integral de Residuos de Construccion y Demolicion,Aplica a todas las personas que generen; recolecten; transporten; aprovechen y dispongan RCD,criterio_ambiental,construccion,,,,Principal,,,si,todos,na,obligatorio,minimo,% aprovechamiento RCD,Res.0534:A-R-4; A-R-6; Ley 1333/2009 (procedimiento sancionatorio ambiental para incumplimiento)
RAS,RAS-1,Sistemas de acueducto rural,Requisitos tecnicos para diseno; construccion y operacion de sistemas de agua potable rural,criterio_ambiental,diseno,,,Principal,,Acceso agua potable reduce acarreo mujeres,,si,todos,Instalaciones,obligatorio,minimo,l/hab/dia; presion minima,Res.0534:A-A-3; CEELA:C12
RAS,RAS-2,Sistemas de alcantarillado y saneamiento rural,Requisitos tecnicos para tratamiento de aguas residuales en zona rural,criterio_ambiental,diseno,,,Principal,,,,si,todos,Instalaciones,obligatorio,minimo,DBO5; SST; remocion %,Res.0194:MW-06; MW-07
RAS,RAS-3,Sistemas de manejo de aguas lluvias,Requisitos tecnicos para drenaje pluvial; incluye SUDS,criterio_ambiental,diseno,,,Principal,,,,si,todos,Exterior,obligatorio,minimo,Caudal diseno; periodo retorno,SUDS-MVCT:SUDS-1 a SUDS-6; Res.0534:A-SE-1
R0541,R0541-1,Manejo de escombros y materiales de construccion,Regula cargue; descargue; transporte; almacenamiento y disposicion de escombros y materiales,criterio_ambiental,construccion,,,,Complementario,,,si,todos,na,obligatorio,minimo,,Res.0534:A-R-4
D948,D948-1,Control contaminacion atmosferica en obra,Mallas protectoras en construccion; control material particulado; prevencion emisiones,criterio_ambiental,construccion,,,,Complementario,,,si,todos,na,obligatorio,minimo,,Res.0534:A-EM-7; Ley 1333/2009 (sanciones por contaminacion atmosferica)
D1443,D1443-1,Sistema de Gestion de Seguridad y Salud en el Trabajo,Buenas practicas; materiales de calidad; prevencion accidentes y enfermedades en construccion,criterio_social,construccion,Transversal,Transversal,Transversal,Transversal,,Seguridad trabajadores rurales,si,todos,na,obligatorio,minimo,,Res.0534:S-H-2
L1819,L1819-1,Beneficios tributarios FNCE y carbono neutro,Exclusion IVA en equipos y tecnologias con beneficio ambiental; no causacion impuesto carbono,criterio_economico,operacion,,Principal,,,,,si,todos,Instalaciones,obligatorio,na,% exclusion IVA,Res.0534:A-EM-8; CEELA:C14; L1715:L1715-1; Res.196/2020 UPME procedimiento acceso
GuiaMej-MVCT,GM-E2,Estufas eficientes para vivienda rural,Reemplazo de fogon abierto por estufa eficiente; reduccion PM2.5 y consumo de lena,criterio_ambiental,operacion,,Principal,,,ENUT 2024-25: 78.7% mujeres cocinan; estufa eficiente reduce tiempo y humo (Ley 2462 Fin 3),,si,frio templado,Instalaciones,obligatorio,minimo,% reduccion PM2.5; kg lena/dia,Res.0534:A-EM-6; CEELA:C07; Ley.2462:L-F03
GuiaMej-MVCT,GM-T3,Generacion de biogas domiciliario,Sistema de biodigestor para generacion de biogas a partir de residuos organicos y excretas animales,criterio_ambiental,operacion,,Principal,,,,,si,todos,Instalaciones,voluntario,na,m3 biogas/dia,CEELA:C07; C14
GuiaMej-MVCT,GM-T4,Energia eolica a pequena escala,Microturbina eolica para vivienda rural en zonas con vientos sostenidos (Guajira; paramo; altiplano),criterio_ambiental,operacion,,Principal,,,,,condicional,calido_seco frio,Instalaciones,voluntario,na,kWh/mes,CEELA:C14; Res.0534:A-EM-8
GuiaMej-MVCT,GM-M2,Durabilidad y garantias de materiales,Especificar materiales con garantia de durabilidad documentada; reducir reposiciones prematuras,criterio_ambiental,diseno,,,,Principal,,,si,todos,Estructura Envolvente Cubierta,obligatorio,minimo,Anos de garantia; vida util estimada,Res.0534:A-M-1
GuiaMej-MVCT,GM-S1,Mano de obra local en construccion rural,Priorizar contratacion de mano de obra del territorio para transferencia de conocimiento y economia local,criterio_social,construccion,,,,,,Economia local; empleo rural; saberes vernaculos,si,todos,na,obligatorio,minimo,% mano obra local,Ley.2462:L-E01; L-E05; L-F01
GuiaMej-MVCT,GM-S2,Compromiso social del constructor,Constructor debe garantizar acompanamiento social; capacitacion a beneficiarios en uso y mantenimiento,criterio_social,construccion,,,,,Capacitacion diferencial por genero,Participacion comunitaria,si,todos,na,obligatorio,minimo,,CEELA:C01; C11; Ley.2462:L-F11
GuiaMej-MVCT,GM-S3,Gestion comunitaria resiliente,Conformar y capacitar comite comunitario para mantenimiento y gestion de la vivienda y sus sistemas,criterio_social,operacion,,,,,Liderazgo de mujeres en gestion comunitaria,Participacion comunitaria; autonom.a,si,todos,na,obligatorio,minimo,,CEELA:C11; Ley.2462:L-F11; L-F12
GuiaMej-MVCT,GM-A1,Proveeduria local de materiales,Priorizar materiales de origen regional (<300 km) para reducir huella de carbono del transporte,criterio_ambiental,diseno,,,,Principal,,Economia local,si,todos,Estructura Envolvente Cubierta,obligatorio,deseable,km origen; % materiales locales,Res.0534:A-E-1; A-M-1; CEELA:C03
PNVISR,PNVISR-1,Enfoque diferencial en vivienda rural,Reconocimiento diferencial de condiciones sociales; culturales; etnicas y territoriales en diseno de VISR,criterio_social,diseno,Transversal,Transversal,Transversal,Transversal,Enfoque diferencial de genero obligatorio,Etnico; discapacidad; victimas conflicto; adulto mayor,si,todos,na,obligatorio,na,,Ley.2462:L-E04; L-E08; L-E12
PNVISR,PNVISR-2,Vivienda rural integral; saludable y productiva,Vivienda como unidad que integra habitabilidad; salud; produccion agropecuaria y sostenibilidad,criterio_social,diseno,Principal,,,,Vivienda como espacio de trabajo productivo femenino,,si,todos,Envolvente,obligatorio,na,,Ley.2462:L-E05; L-E10; L-F06; L-F09
PNVISR,PNVISR-3,Acceso a agua potable y saneamiento basico rural,Garantizar acceso a agua y saneamiento en vivienda rural donde no existe infraestructura,criterio_ambiental,diseno,,,Principal,,Acceso agua reduce acarreo por mujeres,,si,todos,Instalaciones,obligatorio,minimo,l/hab/dia,RAS:RAS-1; RAS-2; Res.0194:MW-08; Ley.2462:L-F03
PNVISR,PNVISR-4,Subsidio vivienda rural (hasta 70 SMLV + 20 transporte),Res. 0536/2020: tope subsidio 70 SMLV; 20 SMLV adicionales para transporte en zonas dificil acceso,criterio_economico,diseno,Transversal,Transversal,Transversal,Transversal,,Priorizacion zonas dificil acceso,si,todos,na,obligatorio,na,SMLV,D1467:D1467-1
ParamSFVR,PARAM-1,Analisis de asoleacion y orientacion para vivienda rural,Diagrama estereografico con latitud/longitud; radiacion solar directa/difusa; definicion de orientacion optima por clima,criterio_ambiental,diseno,Principal,,,,,,si,todos,Estructura Envolvente,obligatorio,minimo,Orientacion optima por clima,Res.0194:MP-01 a MP-04; Res.0534:S-CT-1
ParamSFVR,PARAM-2,Proteccion solar en fachadas y cubiertas rurales,Elementos horizontales y verticales de fachada/cubierta para bloqueo de radiacion; definidos por clima,criterio_ambiental,diseno,Principal,,,,,,si,templado calido_seco calido_humedo,Envolvente Cubierta,obligatorio,minimo,ASV; ASH,Res.0194:MP-02 a MP-04; Res.0534:S-CT-1; CEELA:C02
ParamSFVR,PARAM-3,Iluminacion natural en vivienda rural,Proporciones de ventanas; claraboyas y repisas de luz para garantizar penetracion de luz natural y ahorro energetico,criterio_ambiental,diseno,Principal,Complementario,,,,,si,todos,Envolvente,obligatorio,minimo,FLD (%); proporcion ventana,Res.0194:MA-01; Res.0534:S-CL-1
ParamSFVR,PARAM-4,Ventilacion natural cruzada en vivienda rural,Aprovechamiento de vientos dominantes; aberturas enfrentadas; efecto chimenea por clima,criterio_ambiental,diseno,Principal,,,,,,si,templado calido_seco calido_humedo,Envolvente Cubierta,obligatorio,minimo,ACH; velocidad aire,Res.0194:MP-14; Res.0534:S-A-1; CEELA:C06
TdR-CEELA,TDR-1,Guia de obligatorio cumplimiento para contratistas VISR,La guia sera de obligatorio cumplimiento por el contratista en etapas de estructuracion y ejecucion de proyectos rurales MVCT,criterio_ambiental,todas,Transversal,Transversal,Transversal,Transversal,,,si,todos,todos,obligatorio,na,,
TdR-CEELA,TDR-2,Al menos 2 sistemas constructivos por zona climatica,Identificar materiales; estrategias y complementos para minimo 2 sistemas constructivos por clima,criterio_ambiental,diseno,,,,Principal,,,si,todos,Estructura,obligatorio,minimo,2 sistemas x 4 climas = 8 minimo,
CCCS-2024,CCCS-1,Estado actual certificaciones sostenibles en CO,EDGE; CASA Colombia; LEED son las 3 certificaciones mas usadas en CO (2024). 93% constructores incorporan criterios ASG,criterio_economico,operacion,Transversal,Transversal,Transversal,Transversal,,,si,todos,na,voluntario,na,% empresas con ASG,Res.0534:A-M-1; EC-MADS:EC-4
ST333,ST333-1,Derecho a vivienda digna como derecho fundamental (jurisprudencia),Corte Constitucional: vivienda digna incluye habitabilidad; disponibilidad de servicios; accesibilidad; adecuacion cultural,criterio_social,todas,Transversal,Transversal,Transversal,Transversal,Vivienda digna incluye perspectiva de genero,Accesibilidad; adecuacion cultural y etnica,si,todos,todos,obligatorio,na,,Ley.2462:L-E03; Res.0534:S-AC-1
RETILAP,RET-1,Eficacia luminosa minima LED,RETILAP 2024 Libro 2: productos LED deben cumplir eficacia luminosa minima; vida util y CRI segun categoria. Libro 3 Tabla 3.2.2.6.a (adaptada de EN 12464-1): corredores 100 lux Uo=0.40 Ra>=40 UGR<=28. Aplica a vivienda: edificaciones deben atender lineamientos URE de MADS y MinMinas,criterio_ambiental,operacion,,Principal,,,,,si,todos,Instalaciones,obligatorio,minimo,Eficacia lm/W; vida util horas; Ra(CRI) >=40-80 segun espacio; UGR <=22-28 segun tarea; Uo >=0.40,Res.0194:MA-02; Res.0534:S-CL-2; CEELA:C10
RETILAP,RET-2,Diseno de iluminacion interior vivienda,RETILAP 2024 Libro 3 Tabla 3.2.2.6.a: niveles minimos iluminancia por espacio (EN 12464-1). Corredores/circulaciones 100 lux; escaleras 100 lux; banos 100 lux; zonas comunes edificios residenciales incluidas. Uniformidad Uo>=0.40. CRI segun actividad. Vivienda: debe cumplir URE (Art. 3.2.6),criterio_ambiental,diseno,Principal,Principal,,,Iluminacion adecuada en zonas de trabajo domestico (cocina; lavado),,si,todos,Envolvente Instalaciones,obligatorio,minimo,Corredores: 100 lux Uo=0.40 Ra>=40 UGR<=28; escaleras: 100 lux; banos: 100 lux; zonas generales: 100 lux. Eficiencia energetica mediante control obligatorio en >500m2,Res.0194:MA-01; Res.0534:S-CL-1; CEELA:C10; Ley.2462:L-E10
RETILAP,RET-3,Aprovechamiento de iluminacion natural,RETILAP 2024 Libro 3 Art. 3.2.6: edificaciones de vivienda deben atender lineamientos URE de MADS y MinMinas. Aprovechamiento luz natural: ventanales y claraboyas desde diseno; evitar sol directo en plano trabajo; coordinacion natural/artificial; optimizar orientacion; aleros/parasoles. Factor Luz Dia = CC+CRE+CRI. Sistemas control: atenuacion; encendido/apagado automatico; sensores presencia; dimerizacion; ciclo circadiano,criterio_ambiental,diseno,Principal,Complementario,,,Iluminacion natural en espacios de trabajo no remunerado,,si,todos,Envolvente,obligatorio,minimo,FLD = CC+CRE+CRI; orientacion optima por clima; 7 formas control iluminacion (atenuacion; on/off auto; dimerizacion; sensores; luz diurna; circadiano; otros URE),Res.0194:MA-01; Res.0534:S-CL-1; ParamSFVR:PARAM-3; CEELA:C10
