ID,Nombre_proyecto,Tipo,Año,Ubicacion_depto,Ubicacion_municipio,Ubicacion_vereda,Clima_TdR,Subtipo_Koppen,Sistema_constructivo,Subsistemas,E1_bioclimatica,E2_energia,E3_agua,E4_materiales,Estandares_ref,Cumplimiento_observado,Genero_inclusion,Estado,Verificable,Fuente_principal,Archivo_fuente,Tipo_fuente,Lecciones_aprendidas,Observaciones,Estado_validacion,Motivo_descarte,Fecha_validacion,Validado_por
CAS-001,Palafito VIVA – tipología afro Urabá,contemporaneo,2013,Antioquia,Necoclí / Turbo / Apartadó,,calido_humedo,Af,palafito-madera,integral,Cubierta a dos aguas con altura para confort bioclimático; zaguán cubierto; ventilación cruzada por planta abierta,,Tanque de almacenamiento de aguas lluvia recolectadas por cubierta; pozo séptico,Madera de la región de Urabá para cerramientos y muros; basamento de concreto,MP-02; MP-14; MW-08; SUDS-1; A-FL-1; GM-A1,MW-08/SUDS-1: capta y almacena agua lluvia pero no se reporta dimensionamiento ni tratamiento (PTALL) que exige MW-08,Vivienda explícitamente diseñada para población afrocolombiana de Urabá; reconoce diferenciación étnico-cultural en la tipología palafítica,construido,publicacion,"Vivienda Nueva Rural en Antioquia (VIVA, 2014)",Vivienda-Nueva-Rural.pdf,documento_proyecto,,,pendiente_revision,,,
CAS-002,Casa T1 VIVA – mestizos Antioquia,contemporaneo,2012,Antioquia,varias veredas (mestizos clima cálido),,calido_humedo,Aw,mamposteria-estructural,integral,Cubierta determina corredor frontal y posterior; espacios comunes en núcleo central; apertura al paisaje,,implícito (zona ropas / saneamiento individual),Bloque de concreto local; teja termoacústica,MP-02; MP-14; MP-11; A-M-1; L-E10,MP-11: cubierta termoacústica industrial sin información sobre SRI ni reflectividad; MW: no reporta estrategia hídrica activa,"Vivienda dirigida a familias campesinas mestizas; cocina y zona de ropas agrupadas (espacios donde se concentra trabajo doméstico no remunerado feminizado, L-E10)",construido,publicacion,"Vivienda Nueva Rural en Antioquia (VIVA, 2014)",Vivienda-Nueva-Rural.pdf,documento_proyecto,,,pendiente_revision,,,
CAS-003,Casa T2 VIVA – mestizos clima templado,contemporaneo,2013,Antioquia,varias veredas mestizas,,templado,Cfb,mamposteria-estructural,integral,Dos bloques con zona social central abierta al exterior por puertas corredizas; ventilación cruzada,,,Bloque de concreto; madera local para puertas/ventanas; teja termoacústica,MP-02; MP-14; A-M-1; GM-A1; L-E10,,Vivienda para familias campesinas mestizas en clima templado; servicios agrupados (cocina/lavado) sin diferenciación de roles documentada,construido,publicacion,"Vivienda Nueva Rural en Antioquia (VIVA, 2014)",Vivienda-Nueva-Rural.pdf,documento_proyecto,,,pendiente_revision,,,
CAS-004,Casa Madera-Aldeas EPM/VIVA,contemporaneo,2012,Antioquia,rural disperso,,templado,Cfb,madera-aserrada,integral,Estructura palafítica modular; dos corredores perimetrales para sombra y ventilación; adaptación a topografía,,,Madera aserrada de bosques EPM (aprovechamiento sostenible),MP-14; A-FL-1; A-M-1; GM-A1; A-R-1,A-FL-1: madera de bosques EPM presumida sostenible pero no se reporta SUNL/LOF/FSC explícito,Programa EPM-VIVA en madera de aprovechamiento sostenible; sin mención explícita de enfoque de género o étnico,construido,publicacion,"Vivienda Nueva Rural en Antioquia (VIVA, 2014)",Vivienda-Nueva-Rural.pdf,documento_proyecto,Programa de vivienda rural en madera liderado por EPM,,pendiente_revision,,,
CAS-005,Casa Mixta VIVA,contemporaneo,2013,Antioquia,rural disperso (mestizo clima templado),,templado,Cfb,mixto-mamposteria-madera,integral,Doble altura en sala-comedor para ventilación; corredor que conecta zonas; espacios intermedios,,,Bloque de concreto + madera de la región,MP-14; A-M-1; GM-A1; L-E05,,"Vivienda mestiza clima templado, doble altura sala-comedor adaptable a distintas configuraciones familiares",construido,publicacion,"Vivienda Nueva Rural en Antioquia (VIVA, 2014)",Vivienda-Nueva-Rural.pdf,documento_proyecto,,,pendiente_revision,,,
CAS-006,Vivienda Indígena Embera/Senú VIVA,contemporaneo,2013,Antioquia,Necoclí / Turbo / Apartadó / Dabeiba,,calido_humedo,Af,mixto-bloque-madera,integral,Dos módulos separados con cubierta a 4 aguas; ventanas y aperturas para iluminación y ventilación cruzada; entrepiso en palafito,,,Madera + bloque + teja termoacústica,MP-02; MP-14; L-E08; L-E12; PNVISR-1; A-M-1,Reconocimiento étnico explícito pero sin participación comunitaria documentada en diseño (vs L-E12 ideal),Vivienda diseñada para poblaciones indígenas Embera y Senú; tipología en dos módulos en L que se adapta a actividades comunitarias de cultivo y cuidado de animales según prácticas culturales,construido,publicacion,"Vivienda Nueva Rural en Antioquia (VIVA, 2014)",Vivienda-Nueva-Rural.pdf,documento_proyecto,,,pendiente_revision,,,
CAS-007,ETCR Charras (CNP-Marco Aurelio Buendía),contemporaneo,2017,Guaviare,San José del Guaviare,vereda Charras,calido_humedo,Af,mixto-acero-fibrocemento,integral,Cubiertas a dos aguas inclinadas; SIN aislante (limitación reportada),Plantas eléctricas diésel 190+140 KVA (no sostenible),PTAP propia con bocatoma y bombeo desde caño represado a tanque de 50.000 L,Materiales industriales prefabricados ligeros (limitación: poca durabilidad),RAS-1; RAS-2; S-AC-1; L-E04; L-E07; L-F14; PNVISR-1,Antiejemplo E2: dos plantas diésel 190+140 KVA en lugar de FNCE (incumple A-EM-8/L1715-1/CEELA C14); E1: cubierta inclinada sin aislante (incumple MP-08); déficit de baterías sanitarias para acceso equitativo a aseo personal,"57% hogares con jefatura femenina; mujeres jóvenes gestantes y lactantes; personas con movilidad restringida por la guerra; cooperativa de mujeres; población indígena (curripacos, cubeos, ticunas, sikuanis, guayaberos) y campesina excombatiente; 25% niños y niñas",en_operacion,publicacion,"Habitat Para La Paz (PUJ, 2021)",Habitat-Para-La-Paz.pdf,documento_proyecto,ANTIEJEMPLO útil: muestra qué evitar en reasentamientos rurales (no autosuficiencia energética; envolvente sin masa térmica),Discutir si entra a M2 como caso o como referencia negativa,pendiente_revision,,,
CAS-008,Casa pubenense / vivienda misak Guambía,vernaculo,s.f.,Cauca,Silvia,Resguardo indígena de Guambía,frio,Cfb,bahareque,integral,Casa circular en bahareque con techo de paja; iluminación cenital por orificio en cumbrera; orientación cosmogónica E-O,,,Bahareque de tierra + guadua + paja; piedra en cimentación; tierra muy consistente para muros,MP-13; MP-09; L-E08; L-E12; L-F01; A-M-1,MP-13: muros de bahareque con tierra muy consistente cumplen función de inercia térmica pero sin parametrización (kJ/m²K),"Casa pubenense con dualidad simbólica mujer (Pishimisak)/hombre (Kallim) materializada en planta; rostro de mujer sobre cocina, rostro de hombre sobre sala; reconocimiento de género en cosmogonía y arquitectura misak",construido,publicacion,"Calderón, Mosquera, Franco - Vivienda y cultura (U. del Valle / ICANH, 2022)",Vivienda+y+Cultura_Digital.pdf,documento_proyecto,,,pendiente_revision,,,
CAS-009,Maloca y maloquita VISR Monilla Amena (uitoto),mixto,2009,Amazonas,Leticia,parcialidad Jusy Monilla Amena,calido_humedo,Af,madera,integral,Planta circular o rectangular sobre tierras altas; cubierta cónica/cuatro aguas en hojas de palma de caraná para ventilación y sombra,,,Hoja de palma caraná; madera de la región seleccionada por la comunidad,L-E08; L-E12; L-F01; PNVISR-1; GM-S1; A-FL-1,"PNVISR-3: VISR entregada con instalaciones hidrosanitarias y eléctricas pero sin conexión municipal — baño, ducha y lavaplatos no han podido usarse después de 2 años",Vivienda indígena uitoto parcialidad Jusy Monilla Amena; participación de la comunidad en diseño y suministro de materiales (mano de obra y subcontratistas locales); construcción tradicional por hombre cabeza de familia con apoyo de su esposa,construido,publicacion,"Calderón, Mosquera, Franco - Vivienda y cultura (U. del Valle / ICANH, 2022)",Vivienda+y+Cultura_Digital.pdf,documento_proyecto,VISR construida en 2009 que conserva estética y materiales tradicionales,,pendiente_revision,,,
CAS-010,Casa jaataka' ette (Sierra Nevada SO),vernaculo,s.f.,Magdalena,territorio ette,suroccidente Sierra Nevada de Santa Marta,calido_seco,BSh,bahareque,integral,Caballete alineado eje E-O; techo de 4 vértices y 3-4 m de alto para alivio térmico; entrada única para inercia y privacidad climática; muros sin ventanas,,,Maderas duras locales (Aspidosperma; Astronium; Platymiscium); palma jukka ennaka para techos; caña Guadua amplexifolia,L-E08; L-E12; L-F01; A-FL-1; A-M-1; MP-13,MP-15: muros sin ventanas + masa térmica favorecen inercia y night flush pero no se reporta medición de oscilación térmica,"Casa jaataka' considerada femenina y propiedad de las mujeres; los partos generalmente ocurren en su interior; división de trabajo constructivo por género (hombres construyen, mujeres preparan alimentos y bebidas); pueblo indígena ette de la Sierra Nevada",construido,publicacion,"Calderón, Mosquera, Franco - Vivienda y cultura (U. del Valle / ICANH, 2022)",Vivienda+y+Cultura_Digital.pdf,documento_proyecto,,,pendiente_revision,,,
CAS-011,Ranchería wayúu tradicional (Alta Guajira),vernaculo,s.f.,La Guajira,Uribia,Cabo de la Vela / Alta Guajira,calido_seco,BWh,bahareque,integral,Cocina abierta y ventilada con muros media altura para protección de viento/arena; muros de la miichi sin vanos para inercia/privacidad; conjunto disperso para microclima,,Ollas de barro de cuello estrecho para almacenar agua,Yotojoro (corazón seco del cactus cardón) tejido para techos y muros; barro confinado,L-E08; L-E12; L-E10; L-F01; A-M-1; SUDS-4,,Cocina (kusi'napia) como elemento femenino integrador; mujeres wayúu como tejedoras (espacios anu'ú dedicados a sus telares); roles diferenciados de género en producción y vida ritual; pueblo indígena wayúu,construido,publicacion,"Calderón, Mosquera, Franco - Vivienda y cultura (U. del Valle / ICANH, 2022)",Vivienda+y+Cultura_Digital.pdf,documento_proyecto,,,pendiente_revision,,,
CAS-012,Vivienda anfibia tradicional La Mojana (zenú/malibú),vernaculo,s.f.,Sucre / Bolívar / Córdoba / Antioquia,Majagual / San Marcos / San Benito Abad / Magangué / Ayapel / Nechí,caño Camajón (Sucre) como caso particular,calido_humedo,Aw,palafito-madera,integral,Pilotes/horcones de madera para elevar sobre nivel de inundación; cubierta de palma amarga; ventilación generosa por planta abierta y entorno arborizado; canales en espina de pescado para drenaje,,Adaptación al ciclo lluvia/sequía con almacenamiento natural; relación directa con caño/río,Maderas rollizas locales; palma amarga / palma de vino para cubierta; esterilla de palma para cerramiento,L-E08; L-E12; L-F01; PNVISR-1; A-FL-1; A-M-1,PNVISR/RAS: vivienda anfibia tradicional cumple adaptación a inundaciones pero queda fuera de los proyectos tipo del DNP que estandarizan palafitos sin diferenciar Caribe/Pacífico/Amazonas,Comunidades anfibias zenú y malibú; población vulnerable históricamente al margen de servicios básicos; autoconstrucción colectiva de saberes anfibios transmitidos generacionalmente,construido,publicacion,"Calderón, Mosquera, Franco - Vivienda y cultura (U. del Valle / ICANH, 2022)",Vivienda+y+Cultura_Digital.pdf,documento_proyecto,,,pendiente_revision,,,
CAS-013,Casa isleña tradicional San Andrés,vernaculo,finales s.XIX – inicios s.XX,San Andrés y Providencia,San Andrés,Northend / La Loma / San Luis,calido_humedo,Af,madera-aserrada,integral,Casa elevada sobre pilotes para ventilación inferior y protección de humedad; piazza orientada al mar/brisa; cubierta a 2 o 4 aguas; planta libre para circulación de aire,,Cisterna en patio para captación de agua lluvia; pozo en algunos conjuntos,"Madera importada y aserrada; pinturas de aceite en colores fuertes; sistema constructivo prefabricado (iglesia bautista La Loma fabricada en Mobile, Alabama)",A-FL-1; A-M-1; SUDS-4; MP-02; ST333-1,A-FL-1: madera importada (no local) — contradice GM-A1 (proveeduría <300 km) aunque históricamente justificado,"Comunidad raizal afro-anglocaribeña de San Andrés con patrimonio cultural propio (lengua, religión bautista, técnicas de prefabricación importadas)",construido,publicacion,"Calderón, Mosquera, Franco - Vivienda y cultura (U. del Valle / ICANH, 2022)",Vivienda+y+Cultura_Digital.pdf,documento_proyecto,Sistema antillano prefabricado importado; ejemplo histórico de prefabricación rural,,pendiente_revision,,,
CAS-014,Vivienda afro-tambo Pacífico (Bahía Solano / Nuquí),vernaculo,s.f.,Chocó / Valle del Cauca,Nuquí / Bahía Solano / Buenaventura rural,Huina / Puerto Mutis,calido_humedo,Af,palafito-madera,integral,Casa transparente con grandes aleros que elimina humos y humedad y garantiza ventilación; pilotes altos; planta cuadrada con corredor; tres niveles funcionales (debajo/piso/altillo),,Pilotes elevan sobre crecientes; cocina con fogón de leña en plataforma protegida,Madera aserrada y rolliza local; cubierta de palma reemplazada con tejas zinc/fibrocemento,MP-02; MP-14; L-E08; L-F01; A-FL-1; GM-A1,A-FL-1/A-M-1: cubierta de palma reemplazada por zinc/fibrocemento por 'modernización' — pérdida de material renovable local con menor energía embebida,Comunidades afro-pacíficas e indígenas (Embera/Wounaan en otras zonas); cocina tradicional comunal en plataforma protegida; transmisión intergeneracional de saberes constructivos,construido,publicacion,"Calderón, Mosquera, Franco - Vivienda y cultura (U. del Valle / ICANH, 2022)",Vivienda+y+Cultura_Digital.pdf,documento_proyecto,,,pendiente_revision,,,
CAS-015,Vivienda campesina cafetera Pijao,vernaculo,s.f. (siglo XX),Quindío,Pijao,vereda La Mariela,templado,Cfb,bahareque,integral,Vivienda elevada del terreno para aislar muros del piso y permitir circulación de aire; puertas enfrentadas para ventilación cruzada; cubierta a 2 aguas con cerchas de guadua; casa-helda con secadero móvil,,,Guadua estructural y para latas; barro arcilloso de recubrimiento; chonta para barandas,L-E05; L-F01; A-M-1; A-FL-1; GM-A1; MP-02,,Vivienda campesina cafetera concebida como unidad productiva (habitación + secado de café); patrimonio cultural cafetero UNESCO 2011 reconoce a las familias campesinas como agentes del paisaje,construido,publicacion,"Calderón, Mosquera, Franco - Vivienda y cultura (U. del Valle / ICANH, 2022)",Vivienda+y+Cultura_Digital.pdf,documento_proyecto,Paisaje cultural cafetero UNESCO 2011,,pendiente_revision,,,
CAS-016,Vivienda cafetera Jardín (vereda Gibraltar),vernaculo,s.f. (registrada 1984 Fonseca-Saldarriaga),Antioquia,Jardín,vereda Gibraltar,templado,Cfb,bahareque,integral,Planta en U con corredor perimetral para sombra y ventilación; orientación a topografía cafetera de ladera,,,Madera aserrada de la región para postes y cubierta; guadua para divisiones interiores,L-E05; A-M-1; A-FL-1; GM-A1; MP-02,Particularidad antioqueña: postes en madera aserrada en lugar de guadua integral del eje cafetero — variación local del estándar vernáculo,Vivienda campesina cafetera antioqueña como unidad productiva familiar; sin información explícita sobre roles de género en la fuente,construido,publicacion,"Calderón, Mosquera, Franco - Vivienda y cultura (U. del Valle / ICANH, 2022)",Vivienda+y+Cultura_Digital.pdf,documento_proyecto,Área 113 m²; particularidad antioqueña: postes en madera aserrada vs guadua integral del eje cafetero,,pendiente_revision,,,
CAS-017,Vivienda cafetera Salamina (vereda Buenos Aires),vernaculo,s.f. (registrada 1984),Caldas,Salamina,vereda Buenos Aires,templado,Cfb,bahareque,integral,Planta en L con corredor lateral; uso integral de guadua estructural y de cerramiento; ventilación cruzada por puertas enfrentadas,,,Guadua para postes; esterillas; divisiones; barro arcilloso de revoque,L-E05; A-M-1; A-FL-1; GM-A1; MP-14,,Vivienda campesina cafetera caldense como unidad productiva familiar; sin información explícita sobre roles de género,construido,publicacion,"Calderón, Mosquera, Franco - Vivienda y cultura (U. del Valle / ICANH, 2022)",Vivienda+y+Cultura_Digital.pdf,documento_proyecto,Área 140 m²,,pendiente_revision,,,
CAS-018,Vivienda cafetera Montenegro (vereda Cantone),vernaculo,s.f. (registrada 1984),Quindío,Montenegro,vereda Cantone,templado,Cfb,bahareque,integral,Planta en L con corredor; vivienda elevada para aislar muros de humedad del piso,,,Guadua integral; recubrimiento en barro arcilloso,L-E05; A-M-1; A-FL-1; GM-A1; MP-13,,Vivienda campesina cafetera quindiana como unidad productiva familiar; sin información explícita sobre roles de género,construido,publicacion,"Calderón, Mosquera, Franco - Vivienda y cultura (U. del Valle / ICANH, 2022)",Vivienda+y+Cultura_Digital.pdf,documento_proyecto,Área 136 m²,,pendiente_revision,,,
CAS-019,Vivienda cafetera Santa Rosa de Cabal (vereda Berlín),vernaculo,s.f. (registrada 1984),Risaralda,Santa Rosa de Cabal,vereda Berlín,templado,Cfb,bahareque,integral,Planta en L con corredor; sistema constructivo de cerchas triangulares de guadua; secadero anexo para café,,,Guadua integral; barro arcilloso; chonta para barandas,L-E05; A-M-1; A-FL-1; GM-A1; A-R-2,,Vivienda campesina cafetera risaraldense como unidad productiva con secadero anexo; sin información explícita sobre roles de género,construido,publicacion,"Calderón, Mosquera, Franco - Vivienda y cultura (U. del Valle / ICANH, 2022)",Vivienda+y+Cultura_Digital.pdf,documento_proyecto,Área 118 m²,,pendiente_revision,,,
CAS-020,Vivienda tradicional Sáliba Resguardo El Consejo (Casa de María),mixto,s.f. (estudio 2022),Casanare,Orocué,Resguardo El Consejo,calido_humedo,Aw,mixto-adobe-madera,integral,Casa de espacios separados (corredor; cocina; sala abiertos sin muros); habitaciones cerradas pero con vacío entre techo y muro para entrada de luz/viento; muros gruesos adobe orientación N-S; aleros amplios sobre fachadas expuestas; ventilación natural por interrupción techo-muro,Aprovechamiento luz natural por arquitectura abierta; sin AA ni calefacción; baúl autoconstruido para conservar proteína animal seca (evita uso de nevera),Captación pluvial por canaletas; aleros y canales superficiales auto-excavados; almacenamiento en tanques pequeños sin tratamiento; pozo profundo + jagüey o lago para potable,Adobe (barro+pasto+excremento de vaca) en muros; madera local en estructura/cerramientos cortada en luna menguante; cubierta palma real (>30 años; vida útil 12-20 años); zinc industrial en cubierta intervenida por subsidios VIS,MP-02; MP-13; MP-14; MA-01; MW-08; A-FL-1; GM-A1; L-E08; L-E12; L-F01; PNVISR-1,MP-08: cubierta palma sin parametrización U; MW-08: capta lluvia sin PTALL ni dimensionamiento; PNVISR-1: módulos VIS subsidiados rompen lógica vernácula (cocina cerrada genera humero del mañoco que no escapa),Etnia indígena Sáliba; jerarquía de oficios por género (cocina/aseo mujeres; oficios exteriores hombres) pero adaptable según necesidad; transmisión generacional empírica de conocimientos constructivos,en_operacion,publicacion,"Ponce de León (Uniandes 2022/Dearq 2023), pp. 77-79",AR-Uniandes-Orocue.pdf,tesis,Replicar: vacío estructural techo-muro para ventilación + aleros amplios + adobe con masa térmica + palma para cubierta. Evitar: subsidios VIS de bloque+zinc cerrados sin diseño bioclimático que obligan a construir budar exterior,Modelación bioclimática (Universidad del Trópico) confirma adobe + palma como mejor desempeño térmico; intervención VIS empeora confort. Caso de cosmovisión Sáliba,pendiente_revision,,,
CAS-021,Vivienda autoconstruida Sáliba Resguardo San Juanito (Casa de Margarita),vernaculo,s.f. (estudio 2022),Casanare,Orocué,Resguardo San Juanito,calido_humedo,Aw,adobe,integral,Distribución espacial dispersa de unidades separadas; corredores y sala completamente abiertos; cocina abierta; vacío estructural techo-muro; ventilación cruzada permanente,Sin intervención eléctrica; iluminación natural,Pozo profundo con motobomba y tanque por gravedad; aguas grises a pozo séptico en lote,Adobe reforzado con malla y pañete de tierra-pasto-excremento; madera local; palma real para cubierta,MP-02; MP-13; MP-14; MA-01; A-FL-1; GM-A1; L-E08; L-F01; PNVISR-1,Mantiene 100% técnicas vernáculas sin intervención VIS; sin tratamiento de agua (riesgo vectores),Vivienda Sáliba sin intervención del Estado; preserva dinámicas de habitar tradicionales; cocina como espacio de trabajo femenino integrado al exterior,en_operacion,publicacion,"Ponce de León (Uniandes 2022/Dearq 2023), pp. 80-81",AR-Uniandes-Orocue.pdf,tesis,Replicar: planta dispersa con unidades separadas según función; orientación muros largos N-S. Evitar: ausencia de tratamiento aguas y vectores,Caso de comparación: vivienda 100% vernácula vs. vivienda intervenida (CAS-020 de María),pendiente_revision,,,
CAS-022,Hato La Charanga (vaquería tradicional llanera),vernaculo,s.f. (estudio 2022),Casanare,Orocué,rural disperso (cerca casco urbano),calido_humedo,Aw,mixto-adobe-madera,integral,Núcleo central de habitaciones; cocina y baño cerrados; elementos productivos (caballeriza; tasajera; cultivos; corrales) distanciados; orientación muros largos N-S; arborización para sombra y refrescamiento,Aprovechamiento luz diurna; tasajera para secado de carne (sin nevera),Jagüey y pozos profundos; aguas residuales a pozo séptico en lote,Adobe; madera; palma real; entablado de madera; algunos elementos en cemento por modernización,MP-02; MP-13; MP-14; A-FL-1; GM-A1; L-E05; L-F01; PNVISR-2,L-E05: vivienda como unidad productiva muy clara (caballeriza; corrales; tasajera; cultivos); pero distancias largas al baño/cocina pueden cargar trabajo doméstico,Vivienda llanera de vaquería; jerarquía clara hombre/mujer pero todos colaboran según necesidad,en_operacion,publicacion,"Ponce de León (Uniandes 2022/Dearq 2023), p. 76",AR-Uniandes-Orocue.pdf,tesis,Replicar: organización productiva del hato (mangón; corrales; tasajera; jagüey); separación funcional con núcleo habitacional. Evitar: distancias largas que cargan trabajo doméstico,Tipología de vivienda llanera de hato distinta a la indígena Sáliba; vinculada a oficio de vaquería (patrimonio inmaterial UNESCO cantos de trabajo de llano),pendiente_revision,,,
CAS-023,Rancho Campechanas Mariela Z (vivienda llanera tradicional),vernaculo,s.f. (estudio 2024),Casanare,desconocido,desconocido,calido_humedo,Aw,madera,envolvente; cubierta,Techo alto en palma para ventilación natural y sensación de amplitud; corredores abiertos para conexión visual y funcional con exterior; chinchorro como elemento adaptado al clima cálido (portabilidad; frescura),no aplica,no aplica,Palma para cubierta (aislamiento térmico; regulación temperatura); bahareque (barro + fibras naturales) en muros; madera local; chinchorros tejidos en fibras naturales,MP-02; MP-08; MP-14; A-FL-1; GM-A1; L-E08; L-E12; L-F01,MP-08: palma con buen aislamiento pero deteriorada por cambio climático; comparación favorable vs. zinc que amplifica lluvia y aumenta temperatura,Construcción colaborativa intergeneracional; chinchorros como expresión cultural llanera; corredores como espacios de socialización familiar,en_operacion,foto,Tabares (UniPamplona 2024); Mod. Arquit. CUC 34(1); figs 3-4; pp. 21-22,AR-UniPamplona-ViviendaLlanera.pdf,revista,Replicar: techos altos + corredores amplios + chinchorros + palma. Evitar: sustitución por cemento+zinc que rompe corporeidad multisensorial y rendimiento térmico,Caso documentado fotográficamente como rancho tipo campechana; el artículo no especifica municipio exacto en Casanare,pendiente_revision,,,
CAS-024,Vivienda campesina Familia Reuto Finca El Arbolito (Tame; sabana semi-inundable),vernaculo,s.f. (estudio 2021),Arauca,Tame,sector La Isla,calido_humedo,Aw,madera,envolvente; cubierta,Casa con porche cubierto separado de habitaciones; ventilación natural por aberturas; cubierta de palma morichal o zinc (por prohibición tala),Sin red eléctrica formal; iluminación natural,Sin acueducto/alcantarillado; agua del río Cravo Norte; vivienda inundable por baja altura cimentación (se sumerge en lluvia nov-mar),Madera local; caña brava; palma morichal (en deterioro por regulación tala); zinc o fibrocemento como reemplazo industrial,A-FL-1; GM-A1; L-E05; L-F01; PNVISR-3; RAS-1,PNVISR-3: sin acceso a agua potable; alcantarillado; electricidad; cimentación sin altura suficiente para inundaciones (humedad → enfermedades respiratorias en niñas),Familia con dos niñas (3 y 4 años); itinerarios diferenciados: madre cocina desde 4am para esposo y trabajadores; oficios aseo en patio; padre en zona productiva; hijos en patio y MH,construido,publicacion,"Espinel Solano (UniSalle 2021), pp. 17-19",AR-Unisalle-Tame.pdf,tesis,Replicar: porche social separado; módulo cocina separado para evacuar humo. Evitar: cimentación al nivel del suelo en sabana inundable; reemplazo de palma por zinc sin pintura reflectiva,Antiejemplo vivido: las niñas enferman por humedad. Tesis propone propuesta neovernacular elevada en pilastras 60cm + columnas armadas madera (no construida),pendiente_revision,,,
CAS-025,Vivienda zenú vernácula corregimiento La Gallera (Sucre),vernaculo,s.f. (estudio 2022-23),Sucre,Sincelejo,corregimiento La Gallera,calido_humedo,Aw,bahareque,integral,Espacios sociales (patio; terraza; kiosco) preferidos sobre interiores por confort térmico; cocina y baño en patio (separados de núcleo); ventilación cruzada por elementos abiertos; arborización en patios compartidos; piso de tierra firme natural (33% viviendas),Sin red de gas natural en 7%; cocina con leña en fogón exterior; sin iluminación pública adecuada,Sin acueducto (100%); agua por carrotanque (50%) o pozo (32%) o vendedor (18%); pozo séptico para aguas residuales; tendencia a uso de baño isla artesanal en patio; recolección pluvial sin tratamiento,Bahareque (barro + caña delgada); embarro con excremento de vaca; troncos de madera local; palma seca para cubierta; tierra compactada para piso; zinc galvanizado bajo palma para impermeabilidad; tabla de madera en muros interiores; esterilla de guadua,MP-02; MP-13; MP-14; MW-08; A-FL-1; GM-A1; L-E08; L-E12; L-F01; PNVISR-3; SUDS-4,PNVISR-3: 0% acueducto; 0% alcantarillado; 47% agua potable rural municipal; MW-08: capta lluvia sin tratamiento; cocina con leña 7% genera PM2.5,Etnia indígena zenú; hogares de 5+ personas (45%) tipo nuclear biparental o extensa; cocina y aseo realizados por mujeres en exterior; comunidad con líderes (capitanes); pérdida cultural arquitectónica por crecimiento urbano,en_operacion,publicacion,"Barragán; Hernández; Figueroa (CECAR 2023), pp. 47-58",TdeG-CECAR-habitatrural-LAGALLERA-SUCRE.pdf,tesis,Replicar: bahareque + cubierta doble (zinc impermeabilizado + palma sombreante); cocina/baño separados en patio. Evitar: ausencia de tratamiento de agua y vertimientos a pozo séptico sin diseño,Caso indígena zenú segundo pueblo más grande CO; 39.4% NBI municipal cualitativo; fuente etnográfica por encuesta a 100 viviendas y 7 talleres participativos,pendiente_revision,,,
CAS-026,Vivienda rural existente Chita (clima frío Boyacá),vernaculo,s.f. (estudio 2020),Boyacá,Chita,desconocido,frio,Cwb,mixto-bahareque-tapia,integral,Tres habitaciones con un solo baño exterior; sala y cocina sin división (concentra calor humano); orientación noreste (mejor confort medido); construcción compacta para conservar calor; muros gruesos y bahareque + teja de barro para inercia térmica,Cocina con leña en fogón; sin red de gas; ganancia interna por personas y fogón,Sin acueducto en muchas veredas; pozo séptico; baño exterior,Bahareque (barro + caña de castilla); teja de barro; teja de zinc en intervenciones recientes; ladrillo en intervenciones; madera local; piedra,MP-08; MP-09; MP-13; MA-10; GM-E2; A-FL-1; GM-A1; L-E08; L-F01; PNVISR-3,Simulación BIM Design Builder: vivienda existente solo 34.58% horas en confort en clima frío (rango 18.57-23.57°C); bahareque baja a 21.37% por sobre-aislamiento que enfría; mejor mantener material tradicional con ganancia interna fogón. Sin calefacción solar térmica reportada (MA-10),Acceso limitado a servicios públicos rurales; cocina con leña por mujeres (PM2.5); falta de baño interno limita confort para mujeres y adultos mayores,en_operacion,publicacion,"Carvajal; Valencia (UGC 2020), pp. 58-60; 74-78",TdeG-UGC-ruralColombia_2020.pdf,tesis,Replicar: orientación noreste; compactación volumétrica para conservar calor; bahareque con masa moderada; ganancia interna por fogón. Evitar: divisiones excesivas que dispersan calor; ausencia de aislamiento de cubierta,CRITICO: caso de clima frío (vacío en M2). Análisis Köppen Cwb (Boyacá altitud >2900m). Fuente cuantitativa simulación BIM,pendiente_revision,,,
CAS-027,Vivienda rural existente Paimadó-Río Quito (palafito Chocó),vernaculo,s.f. (estudio 2020),Chocó,Río Quito,corregimiento Paimadó,calido_humedo,Af,palafito-madera,integral,Vivienda elevada en pilotes a orilla del río; tres habitaciones más baño en planta reducida; cubierta a un agua o palma reemplazada por zinc; orientación norte (mejor confort medido); ventilación inferior bajo palafito; cocina secundaria adosada con esterilla,Sin red eléctrica formal en muchos casos; iluminación natural,Adaptación a inundaciones por palafito; aguas grises directamente al río (sin tratamiento),Madera de columnas (guayacanes); travesaños rollizos; esterilla de guadua para cocina; zinc o palma en cubierta; piezas aserradas progresivas (reemplazo de palos redondos por modernización),MP-02; MP-08; MP-14; A-FL-1; GM-A1; L-E08; L-F01; PNVISR-1; PNVISR-3,Simulación BIM: 90.32% horas en confort con bahareque (mejor material); palafito con palma cumple ventilación inferior pero zinc reemplazo aumenta calor,Construcción tradicional afro-pacífica; vivienda en transición (palma → zinc),en_operacion,publicacion,"Carvajal; Valencia (UGC 2020), pp. 53-55; 76-77",TdeG-UGC-ruralColombia_2020.pdf,tesis,Replicar: palafito + ventilación inferior + orientación norte. Evitar: sustitución palma por zinc sin pintura reflectiva; vertimiento directo al río,Análisis BIM Design Builder confirma desempeño térmico óptimo (90% confort). Refuerza CAS-014 con cuantitativos,pendiente_revision,,,
CAS-028,Vivienda vernácula bahareque Vereda Cuche (Santa Rosa de Viterbo),vernaculo,finales s.XIX-mediados s.XX,Boyacá,Santa Rosa de Viterbo,Vereda Cuche,frio,Cwb,bahareque,integral,Construcción precolombina muisca + colonial: bahareque (entramado caña + barro) con muros gruesos para inercia térmica; cubierta paja o teja barro; ganancia solar por orientación; cocina exterior; piso de tierra,Sin red de gas; cocina exterior con leña; sin calentador solar reportado,Acueductos veredales sin alcantarillado; 30% defecación al aire libre; pozo séptico,Bahareque tradicional (caña de castilla + tierra arcillosa + cal + pasto seco como fibra); piedra en cimentación; teja de barro; madera para entramado; muros adobe en algunas casas; tapia pisada en otras,MP-08; MP-09; MP-13; MA-10; A-FL-1; GM-A1; L-E08; L-F01; PNVISR-3; ST333-1,Vivienda en deterioro avanzado (muros; techos en ruinas); 27.4% IPM rural Boyacá; 17.81% NBI rural; deshabitada por deterioro; pierde habitabilidad,Migración juvenil a ciudades por falta de oportunidades; pérdida de saberes constructivos vernáculos; familias campesinas con género tradicional rural,abandonado,publicacion,"Orozco González (UGC 2022), pp. 18-22; 47-50",TdeG-UGC-SantaRosadeVitervo_2022.pdf,tesis,Replicar: bahareque con caña de castilla + cal (durable; sismo-resistente); cimentación piedra + concreto ciclópeo; viga amarre. Evitar: dejar viviendas sin mantenimiento → ruina; abandono por migración,CRITICO: caso clima frío + bahareque + tapia (vacíos M2). Fuente con descripción técnica detallada de proceso constructivo (paso a paso construido por estudiante con comunidad),pendiente_revision,,,
CAS-029,Prototipo bahareque autoconstruido Vereda Cuche,mixto,2022,Boyacá,Santa Rosa de Viterbo,Vereda Cuche,frio,Cwb,bahareque,estructura; envolvente,Cimentación elevada en concreto ciclópeo + viga amarre + dados (aísla muros de humedad piso); columnas madera + esterilla rellena con mezcla tierra-pasto-cal; cubierta inclinada; pañete cal exterior para impermeabilizar,Sin reportar (intervención solo estructural),Sin reportar,Caña de castilla (cosechada Vereda Cuche); tierra arcillosa local; cal hidratada; pasto seco como fibra; mortero de cal; madera local en columnas y marcos,MP-08; MP-09; MP-13; A-E-1; A-EM-1; A-FL-1; A-R-1; GM-A1; GM-S1; L-F01; L-F16,Construido como prototipo de transferencia tecnológica con autoconstrucción asistida; cumplen materiales locales (<300 km; GM-A1) y bajo CO2,Taller participativo con habitantes de la Vereda Cuche para transferir conocimiento ancestral; mujeres y hombres participan en mezclas; montaje; amarre,construido,foto,"Orozco González (UGC 2022), pp. 90-118",TdeG-UGC-SantaRosadeVitervo_2022.pdf,tesis,Replicar: receta de mezcla tierra-pasto-cal documentada paso a paso; cimentación elevada con dados; participación comunitaria. Evitar: depender de mantenimiento externo si no hay transferencia generacional,Modelo replicable de Vivienda de Interés Cultural (VIC) en bahareque para clima frío Boyacá,pendiente_revision,,,
CAS-030,Casa cafetera 1 Vereda Taparcal (Belén de Umbría 1950),vernaculo,1950,Risaralda,Belén de Umbría,Vereda Taparcal,templado,Cfb,bahareque,integral,Configuración en L para integrar habitación con beneficiadero/secadero; orientación longitudinal capta vientos del oriente; corredor lateral abierto como transición climática (sombra+ventilación cruzada); cubierta inclinada teja de barro a 2 aguas; muros gruesos bahareque para inercia térmica,Cocina con fogón de leña; sin red de gas reportada,Sin acueducto reportado en vereda; abastecimiento veredal,Zócalo de bloque cemento + estructura madera + muros bahareque recubierto pañete; teja de barro; entrepiso madera,MP-02; MP-04; MP-08; MP-13; MP-14; L-E05; A-FL-1; GM-A1; L-F01; ST333-1,Estado regular: deterioro avanzado en pisos y cubiertas; entrepiso madera podrido; cielo raso con filtraciones; vigas exteriores pierden rigidez por falta de mantenimiento,Vivienda como unidad productiva (10 alcobas + secado de café + bodegas + fogón leña); cocina como lugar trabajo doméstico femenino,en_operacion,publicacion,"Farfán Ospina (UCP/USTA 2025), pp. 47-52",TdeG-USTA-BelendeUmbria.pdf,tesis,Replicar: corredor lateral abierto como articulador interior-exterior; integración casa + beneficiadero; orientación longitudinal a vientos. Evitar: falta de mantenimiento que deteriora bahareque/madera,Paisaje Cultural Cafetero UNESCO 2011; Vereda Taparcal; complementa CAS-019 con caso fechado y metraje grande (10 alcobas),pendiente_revision,,,
CAS-031,Casa cafetera 2 Vereda Taparcal (Belén de Umbría 1975),vernaculo,1975,Risaralda,Belén de Umbría,Vereda Taparcal,templado,Cfb,madera-aserrada,integral,Tipología de frente en torno a patio (no lineal); patio con vista a montañas (microclima); corredor para sombra; cubierta a un agua de fibrocemento (intervención posterior); piso cemento,Cocina con leña; sin gas,Sin acueducto formal; pozo séptico,Estructura madera; muros madera; piso cemento; cubierta fibrocemento (no vernáculo); usos productivos: bodega insumos + espacio trilladora,MP-02; MP-13; A-FL-1; GM-A1; L-E05; PNVISR-2,Cubierta fibrocemento (eternit) — material con asbesto histórico; debe verificarse; intervenciones no coherentes con contexto cafetero tradicional,Vivienda intermedia en transición vernácula → moderna; conserva uso productivo (bodega + trilladora),en_operacion,publicacion,"Farfán Ospina (UCP/USTA 2025), pp. 47-49",TdeG-USTA-BelendeUmbria.pdf,tesis,Replicar: organización en torno a patio para microclima y vistas; integración bodega/trilladora a vivienda. Evitar: cubierta de fibrocemento (asbesto histórico) y muros de madera sin tratamiento,Caso de transición tipológica vernáculo → moderno en eje cafetero; ilustra erosión arquitectónica gradual,pendiente_revision,,,
